0   REVEREIT LLC , 01/01/2002 , 01/01/2004
0   SHETLER STUDIOS AND THEATRE INC , 01/01/2002 , 01/01/2004
4   DIGITAS LLC , 01/01/2002 , 01/01/2004
0   NIZAR ENTERPRISES INC , 01/01/2002 , 01/01/2004
42   LEKHA INC , 01/01/2002 , 01/01/2004
59   S UNIVERSAL TECHNOLOGY GROUP INC , 01/01/2002 , 01/01/2004
0   COREGENIX INC , 01/01/2002 , 01/01/2004
0   COHSHEEN ASSOCIATES LLC , 01/01/2002 , 01/01/2004
0   VENSYS TECHNOLOGIES INC , 01/01/2002 , 01/01/2004
19   EASY PROTECT INC , 01/01/2002 , 01/01/2004
0   CMAX-2000 INC , 01/01/2002 , 01/01/2004
9   TECHNICAL STRATEGIES INC , 01/01/2002 , 01/01/2004
0   SCARLET INFOTECH INC DBA EXPEDIEN , 01/01/2002 , 01/01/2004
0   INTEGRA MICROSYSTEM 1988 INC , 01/01/2002 , 01/01/2004
0   JIN GO GAE CATERING , 01/01/2002 , 01/01/2004
0   COADVENT TECHNOLOGIES INC , 01/01/2002 , 01/01/2004
0   REEF HOLDINGS CORP , 01/01/2002 , 01/01/2004
0   RESOURCE TRAC INC , 01/01/2002 , 01/01/2004
0   RUSLAN CONSULTING INC , 01/01/2002 , 01/01/2004
0   HETROSYS LLC , 01/01/2002 , 01/01/2004
0   PACIFIC FLOORING & STONE INC DBA , 01/01/2002 , 01/01/2004
0   DELASOFT INC , 01/01/2002 , 01/01/2004
0   "DELASOFT INC" , 01/01/2002 , 01/01/2004
0   SHIVAM INFOTECH INC , 01/01/2002 , 01/01/2004
0   PHARMA PAC LLC , 01/01/2002 , 01/01/2004
0   EVERISE INC , 01/01/2002 , 01/01/2004
0   HYPO REAL ESTATE CAPITAL CORP , 01/01/2002 , 01/01/2004
0   SARGA SOLUTIONS INC , 01/01/2002 , 01/01/2004
0   WHIZINFO TECHNOLOGIES INC , 01/01/2002 , 01/01/2004
0   AITIA INTERNATIONAL INC , 01/01/2002 , 01/01/2004
0   WEIDBEE INC , 01/01/2002 , 01/01/2004
2   MSN SOLUTIONS INC , 01/01/2002 , 01/01/2004
0   SAU 56 , 01/01/2002 , 01/01/2004
0   DEKA RESEARCH & DEVELOPMENT CORP , 01/01/2002 , 01/01/2004
286   CYTYC CORPORATION , 01/01/2002 , 01/01/2004
5   LONZA BIOLOGICS INC , 01/01/2002 , 01/01/2004
0   DEEEBCON INC , 01/01/2002 , 01/01/2004
0   HIGHDATA SOFTWARE CORPORATION , 01/01/2002 , 01/01/2004
0   DIALOGOS INTERNATIONAL LLC , 01/01/2002 , 01/01/2004
660   E&S TECHNOLOGIES INC , 01/01/2002 , 01/01/2004
88   CUSTOMER SYSTEMS INTERNATIONAL INC , 01/01/2002 , 01/01/2004
0   RADITECH LLC , 01/01/2002 , 01/01/2004
0   BHRIGUS INC , 01/01/2002 , 01/01/2004
0   EFILM DIGITAL LABORATORIES LLC , 01/01/2002 , 01/01/2004
0   LINGTECH CORP , 01/01/2002 , 01/01/2004
57   E-SATELLITE INC , 01/01/2002 , 01/01/2004
358   ON POWER USA INC , 01/01/2002 , 01/01/2004
2   WEB SOLUTIONS CONSULTING INC , 01/01/2002 , 01/01/2004
0   ABACUS CONSULTANCY SERVICES LLC , 01/01/2002 , 01/01/2004
0   BRAZIL HOUSE GRANITE INC , 01/01/2002 , 01/01/2004
36   TECHNOLOGY PEOPLE INC , 01/01/2002 , 01/01/2004
0   AIM COMPUTER CONSULTING L L C , 01/01/2002 , 01/01/2004
0   AIM COMPUTER CONSULTING LLC , 01/01/2002 , 01/01/2004
0   SUPERIOR HOTEL OF WEST TEXAS LLC , 01/01/2002 , 01/01/2004
0   GOLDSTONE TECHNOLOGIES LIMITED , 01/01/2002 , 01/01/2004
2   ALTUS TECHNOLOGIES INC , 01/01/2002 , 01/01/2004
0   DIVERSE LYNX LLC , 01/01/2002 , 01/01/2004
0   KLARUS INC , 01/01/2002 , 01/01/2004
0   DIGIBLITZ TECHNOLOGIES INC , 01/01/2002 , 01/01/2004
178   CODE MODEL MANAGEMENT LLC , 01/01/2002 , 01/01/2004
0   NATURE & HEALTH COMPANY , 01/01/2002 , 01/01/2004
0   SCANDENT GROUP INC , 01/01/2002 , 01/01/2004
157   STONE CENTER CORPORATION , 01/01/2002 , 01/01/2004
0   DEALERSLINK INC , 01/01/2002 , 01/01/2004
0   CLIEN & BOSCH INC , 01/01/2002 , 01/01/2004
0   MOBIS ALABAMA INC , 01/01/2002 , 01/01/2004
0   BRAND EXPERIENCE LAB LLC , 01/01/2002 , 01/01/2004
86   INFOTECH INC , 01/01/2002 , 01/01/2004
0   REHAB WORKS LLC , 01/01/2002 , 01/01/2004
0   RAPIDIT INC , 01/01/2002 , 01/01/2004
3   CHAMPION FIBERGLASS INC , 01/01/2002 , 01/01/2004
1112   BOSTON TECHNOLOGY CORPORATION , 01/01/2002 , 01/01/2004
0   DTV INNOVATIONS LLC , 01/01/2002 , 01/01/2004
56   STATE STREET BANK AND TRUST CO , 01/01/2002 , 01/01/2004
73   NYPRO INC , 01/01/2002 , 01/01/2004
476   MKS INSTRUMENTS INC , 01/01/2002 , 01/01/2004
725   SKYWORKS SOLUTIONS INC , 01/01/2002 , 01/01/2004
3843   ANALOG DEVICES INC , 01/01/2002 , 01/01/2004
216   KEANE INC , 01/01/2002 , 01/01/2004
0   HILL HOLLIDAY CONNORS COSMOPULOS , 01/01/2002 , 01/01/2004
1665   STMICROELECTRONICS INC , 01/01/2002 , 01/01/2004
0   I-129 PATNI COMPUTER SYSTEMS INC , 01/01/2002 , 01/01/2004
0   PATNI COMPUTER SYATEMS INC , 01/01/2002 , 01/01/2004
0   PATNI COMPUTER SYSTEMS INC , 01/01/2002 , 01/01/2004
0   "PATNI COMPUTER SYSTEMS INC" , 01/01/2002 , 01/01/2004
0   PATNIK COMPUTER SYSTEMS INC , 01/01/2002 , 01/01/2004
0   PATRI COMPUTER SYSETEMS INC , 01/01/2002 , 01/01/2004
0   PERRY DEAN ROGERS & PARTNERS , 01/01/2002 , 01/01/2004
95   KLA TENCOR CORP , 01/01/2002 , 01/01/2004
1   THE ELIOT HOTEL , 01/01/2002 , 01/01/2004
4   FIDELITY INVESTMENTS , 01/01/2002 , 01/01/2004
46   EMC CORP , 01/01/2002 , 01/01/2004
4549   EMC CORPORATION , 01/01/2002 , 01/01/2004
1295   BOSTON SCIENTIFIC CORPORATION , 01/01/2002 , 01/01/2004
5   BUTLER TELECOM INC , 01/01/2002 , 01/01/2004
956   ANALYSIS GROUP INC , 01/01/2002 , 01/01/2004
0   ISLAND INN CORP D/B/A CENTURY , 01/01/2002 , 01/01/2004
830   PTC , 01/01/2002 , 01/01/2004
0   BAIN & COMPANY INC , 01/01/2002 , 01/01/2004
61   VIACOM INC , 01/01/2002 , 01/01/2004
0   LEWTAN TECHNOLOGIES INC , 01/01/2002 , 01/01/2004
0   BSST SOFTWARE GROUP INC DBA THE , 01/01/2002 , 01/01/2004
7   SAPIENT CORPORATION , 01/01/2002 , 01/01/2004
1   DARWIN PARTNERS INC , 01/01/2002 , 01/01/2004
10   TOTAL TECHNICAL SERVICES INC , 01/01/2002 , 01/01/2004
226   UNIVERSAL SOFTWARE CORPORATION , 01/01/2002 , 01/01/2004
0   SOFTWARE TECH INTL CORPORATION , 01/01/2002 , 01/01/2004
208   SOFTWARE TECHNOLOGY INTERNATIONAL , 01/01/2002 , 01/01/2004
0   SOFTWARE TECHNOLOGY INTL CORP , 01/01/2002 , 01/01/2004
0   REHABCARE GROUP INC , 01/01/2002 , 01/01/2004
0   THERMO ELECTRON CORP INFORMATICS & , 01/01/2002 , 01/01/2004
0   W A LEONARD & COMPANY P C , 01/01/2002 , 01/01/2004
0   CYBERSOUND INC , 01/01/2002 , 01/01/2004
3   SORRISO TECHNOLOGIES , 01/01/2002 , 01/01/2004
0   M & R CONSULTANTS CORP , 01/01/2002 , 01/01/2004
0   M&R CONSULTANTS CORP , 01/01/2002 , 01/01/2004
4   SILTEK CORPORATION , 01/01/2002 , 01/01/2004
112   SUMMIT INTERNATIONAL INC , 01/01/2002 , 01/01/2004
0   L E K CONSULTING LLC , 01/01/2002 , 01/01/2004
4   STEALTH COMPONENTS INC , 01/01/2002 , 01/01/2004
0   SLEEPYCAT SOFTWARE , 01/01/2002 , 01/01/2004
0   RKM RESEARCH AND COMMUNICATIONS , 01/01/2002 , 01/01/2004
0   TRANSEDA INC , 01/01/2002 , 01/01/2004
0   VISIONSOFT INC , 01/01/2002 , 01/01/2004
0   WEBJECT SYSTEMS INC , 01/01/2002 , 01/01/2004
108   COMVERSE INC , 01/01/2002 , 01/01/2004
1   DENTAL ARTS ASSOCIATES , 01/01/2002 , 01/01/2004
0   ICONSOFT INC , 01/01/2002 , 01/01/2004
0   WORLDCARE INTERNATIONAL INC , 01/01/2002 , 01/01/2004
0   SOFTWARE PUNDITS & ASSOCAITES LLC , 01/01/2002 , 01/01/2004
0   SOFTWARE PUNDITS & ASSOCIATES LLC , 01/01/2002 , 01/01/2004
0   BAHWAN CYBERTEK INC , 01/01/2002 , 01/01/2004
0   SURECOM INC , 01/01/2002 , 01/01/2004
0   AVCO CONSULTING INC , 01/01/2002 , 01/01/2004
0   "AVCO CONSULTING INC" , 01/01/2002 , 01/01/2004
0   TH ELECTRONICS COMPANY , 01/01/2002 , 01/01/2004
383   BBN TECHNOLOGIES CORP , 01/01/2002 , 01/01/2004
17   GLOBAL CONSULTING GROUP , 01/01/2002 , 01/01/2004
11   GLOBAL CONSULTING GROUP INC , 01/01/2002 , 01/01/2004
2   GO CONSULTING GROUP , 01/01/2002 , 01/01/2004
3   CYBER RESOURCE GROUP INC , 01/01/2002 , 01/01/2004
256   I-SERVICE INC , 01/01/2002 , 01/01/2004
225   I-SERVICES INC , 01/01/2002 , 01/01/2004
3   ATEL LLC , 01/01/2002 , 01/01/2004
4   FIDELITY INVESTMENTS , 01/01/2002 , 01/01/2004
167   IMPACT SOLUTIONS INC , 01/01/2002 , 01/01/2004
2   VESTMARK INC , 01/01/2002 , 01/01/2004
0   IKABIZ CORPORATION , 01/01/2002 , 01/01/2004
0   INTERSPED LOGISTICS GR BOSTON INC , 01/01/2002 , 01/01/2004
100   A123 SYSTEMS INC , 01/01/2002 , 01/01/2004
32   MASTERS INFORMATION TECHNOLOGY , 01/01/2002 , 01/01/2004
0   SSINFOTEK INC , 01/01/2002 , 01/01/2004
0   MASSACHUSETSS PREMIER SOCCER INC , 01/01/2002 , 01/01/2004
0   BABAK SHOUSHTARI DMD INC DBA LA JO , 01/01/2002 , 01/01/2004
0   L & Y MEDICAL ASSOCIATES P C , 01/01/2002 , 01/01/2004
0   NUMAL TECHNOLOGIES INC , 01/01/2002 , 01/01/2004
0   KARL HAUSNER FARMS LLC , 01/01/2002 , 01/01/2004
2   GRANITE TELECOMMUNICATIONS LLC , 01/01/2002 , 01/01/2004
1198   CORPORATE AMERICA BUSINESS , 01/01/2002 , 01/01/2004
0   CORPORATE AMERICA BUSINESS SOLUTIO , 01/01/2002 , 01/01/2004
0   COMP CONSULTS INC , 01/01/2002 , 01/01/2004
0   DIVIHN INTEGRATION INC , 01/01/2002 , 01/01/2004
0   TURING CONSULTING INC , 01/01/2002 , 01/01/2004
3   PRIME SOFTWARE TECHNOLOGIES INC , 01/01/2002 , 01/01/2004
0   AXIMON SOURCES LLC , 01/01/2002 , 01/01/2004
0   AXIOM SOURCES LLC , 01/01/2002 , 01/01/2004
0   SAINCE INC , 01/01/2002 , 01/01/2004
0   "SAINCE INC" , 01/01/2002 , 01/01/2004
0   REASONSOFT INC , 01/01/2002 , 01/01/2004
6   DQ LLC , 01/01/2002 , 01/01/2004
0   OPUSSOFT INC , 01/01/2002 , 01/01/2004
0   MICROAGILITY INC , 01/01/2002 , 01/01/2004
0   SEARCHFORCE INC , 01/01/2002 , 01/01/2004
2   UNITED CONSULTANCY SERVICES INC , 01/01/2002 , 01/01/2004
0   RANDOLPH PUBLIC SCHOOLS , 01/01/2002 , 01/01/2004
21   CVS PHARMACY , 01/01/2002 , 01/01/2004
21   CVS PHARMACY , 01/01/2002 , 01/01/2004
21   CVS PHARMACY , 01/01/2002 , 01/01/2004
0   LONG-TERM CARE PSYCHIATRY INC , 01/01/2002 , 01/01/2004
0   YOKOWO MANUFACTURING AMERICA LLC , 01/01/2002 , 01/01/2004
0   LAZARD ASSET MANAGEMENT LLC , 01/01/2002 , 01/01/2004
377   SPEED MEDIA LLC , 01/01/2002 , 01/01/2004
44   CREDIT SUISSE SECURITIES USA LLC , 01/01/2002 , 01/01/2004
4   SWASTIK LTD , 01/01/2002 , 01/01/2004
0   STARPOINT SOLUTIONS , 01/01/2002 , 01/01/2004
0   STARPOINT SOLUTIONS INC , 01/01/2002 , 01/01/2004
0   DOCHANTSCHI INC , 01/01/2002 , 01/01/2004
0   SALMONBEACH & ASSOC PLLC , 01/01/2002 , 01/01/2004
19   DSL TECHNOLOGIES LLC , 01/01/2002 , 01/01/2004
3   A-3 ACQUISITION CORP D/B/A , 01/01/2002 , 01/01/2004
3   UNITED ELECTORNICS CORP INC , 01/01/2002 , 01/01/2004
22   SIPORT INC , 01/01/2002 , 01/01/2004
263   MEDICAL DYNAMIC SYSTEMS INC , 01/01/2002 , 01/01/2004
3038   PITNEY BOWES INC , 01/01/2002 , 01/01/2004
28   BEEKLEY CORPORATION , 01/01/2002 , 01/01/2004
0   MIDSTATE MED CTR , 01/01/2002 , 01/01/2004
0   M S SAVANI ARCHITECT , 01/01/2002 , 01/01/2004
143   SEITZ CORPORATION , 01/01/2002 , 01/01/2004
1   MASAS INC , 01/01/2002 , 01/01/2004
744   GENZYME CORPORATION , 01/01/2002 , 01/01/2004
134312   UNITED INTERNATIONAL CORPORATION , 01/01/2002 , 01/01/2004
176   GREENWICH ASSOCIATES , 01/01/2002 , 01/01/2004
0   KBC ELECTRONICS INC , 01/01/2002 , 01/01/2004
2   QUALTECH SYSTEMS INC , 01/01/2002 , 01/01/2004
0   ANA-DATA CONSULTING INC , 01/01/2002 , 01/01/2004
0   SMITH HANLEY CONSULTING GR LLC A , 01/01/2002 , 01/01/2004
0   MAGNA INFOTECH LTD , 01/01/2002 , 01/01/2004
58   GRT INC , 01/01/2002 , 01/01/2004
1   DELOITTE CONSULTING LLP , 01/01/2002 , 01/01/2004
0   DELOITTE CONSULTNG LLP , 01/01/2002 , 01/01/2004
0   LOGICSOFT INC , 01/01/2002 , 01/01/2004
0   FRAN TAUBMAN STUDIO , 01/01/2002 , 01/01/2004
21   CVS PHARMACY , 01/01/2002 , 01/01/2004
2   WATSON RICE LLP , 01/01/2002 , 01/01/2004
53   THE MANITOWOC COMPANY INC , 01/01/2002 , 01/01/2004
1   COLLEGE COMPASS INC , 01/01/2002 , 01/01/2004
49   ANTIGENICS INC , 01/01/2002 , 01/01/2004
0   ECBYTES INC , 01/01/2002 , 01/01/2004
38   SYNCHRONOSS TECHNOLOGIES INC , 01/01/2002 , 01/01/2004
0   RAGING KNOWLEDGE EDUCATIONAL SVCS , 01/01/2002 , 01/01/2004
0   HALLMARK GLOBAL TECHNOLGIES INC , 01/01/2002 , 01/01/2004
0   HALLMARK GLOBAL TECHNOLOGIES INC , 01/01/2002 , 01/01/2004
1   QUALITY DENTAL CENTER PC , 01/01/2002 , 01/01/2004
0   VENSAI TECHNOLOGIES INC , 01/01/2002 , 01/01/2004
0   ARCHEUS CAPITAL MANAGEMENT LLC , 01/01/2002 , 01/01/2004
0   PEGASYS SYSTEMS & TECHNOLOGIES INC , 01/01/2002 , 01/01/2004
1056   BAYER MATERIALSCIENCE LLC , 01/01/2002 , 01/01/2004
0   MICHAEL KORS USA INC , 01/01/2002 , 01/01/2004
0   SAPOT SYSTEMS INC , 01/01/2002 , 01/01/2004
0   INGENIOUS TECHNOLOGIES , 01/01/2002 , 01/01/2004
0   XYLOTECH SYSTEMS INC , 01/01/2002 , 01/01/2004
0   NAILGUN , 01/01/2002 , 01/01/2004
117   SYMBOL SOFTWARE SERVICES INC , 01/01/2002 , 01/01/2004
28   SYMBOL SOFTWARE SOLUTIONS INC , 01/01/2002 , 01/01/2004
0   BAY AREA TECH SCH , 01/01/2002 , 01/01/2004
0   BAY AREA TECHNOLOGY SCHOOL , 01/01/2002 , 01/01/2004
1   GROUPWARE SOLUTIONS INC , 01/01/2002 , 01/01/2004
0   VIT CONSULTANCY INC , 01/01/2002 , 01/01/2004
699   CITY OF STAMFORD , 01/01/2002 , 01/01/2004
416   NOVA WORLD INC , 01/01/2002 , 01/01/2004
10   FORD MODELS INC , 01/01/2002 , 01/01/2004
0   MANUEL R ARTEAGA D D S INC DBA INL , 01/01/2002 , 01/01/2004
82   STANDARD MOTOR PRODUCTS INC , 01/01/2002 , 01/01/2004
34   "STANDARD MOTOR PRODUCTSINC" , 01/01/2002 , 01/01/2004
667   PALL CORPORATION , 01/01/2002 , 01/01/2004
0   KURT WEISS GREENHOUSE INC , 01/01/2002 , 01/01/2004
0   KURT WEISS GREENHOUSES INC , 01/01/2002 , 01/01/2004
0   SLATTERY SKANSKA INC , 01/01/2002 , 01/01/2004
2864   SYMBOL TECHNOLOGIES INC , 01/01/2002 , 01/01/2004
36   CITIGROUP GLOBAL MARKETS INC , 01/01/2002 , 01/01/2004
1   INTERPHARM INC , 01/01/2002 , 01/01/2004
3   B&B ITALIA USA INC , 01/01/2002 , 01/01/2004
0   INTELLIGROUP INC , 01/01/2002 , 01/01/2004
326   KEY MANAGEMENT GROUP INC , 01/01/2002 , 01/01/2004
0   RUDELL & ASSOCIATES INC , 01/01/2002 , 01/01/2004
7   VEECO METROLOGY LLC , 01/01/2002 , 01/01/2004
0   BEYOND THE LOOM INC , 01/01/2002 , 01/01/2004
0   SVAM INTERNATIONAL INC , 01/01/2002 , 01/01/2004
0   SVAN INTERNATIONAL INC , 01/01/2002 , 01/01/2004
0   DNR GROUP COMPANIES INC , 01/01/2002 , 01/01/2004
0   SUCCESSFUL MANAGEMENT CORP , 01/01/2002 , 01/01/2004
0   ISLAND TENNIS LP D/B/A SPORTIME , 01/01/2002 , 01/01/2004
0   ISMAEL LEYVA ARCHITECTS P C , 01/01/2002 , 01/01/2004
0   BILINGUALS INC , 01/01/2002 , 01/01/2004
0   NY ONE INTL CO INC D/B/A STUDIO ON , 01/01/2002 , 01/01/2004
0   THE CHILDRENS CTR FOR EARLY , 01/01/2002 , 01/01/2004
1   PLANET MECHANICAL CORP , 01/01/2002 , 01/01/2004
3   HEALTH SOLUTIONS PLUS INC , 01/01/2002 , 01/01/2004
0   AMICUS SYSTEMS INC , 01/01/2002 , 01/01/2004
0   BLUEDATA INTERNATIONAL INC , 01/01/2002 , 01/01/2004
0   COMPUTER ASSOCIATES INTL INC , 01/01/2002 , 01/01/2004
12   S V TECH INC , 01/01/2002 , 01/01/2004
0   SOFTNET SOLUTIONS INC , 01/01/2002 , 01/01/2004
0   JAVID ISHAL INC , 01/01/2002 , 01/01/2004
0   SOFTPATH SYSTEMS INC , 01/01/2002 , 01/01/2004
0   TANDOORI FOOD & BAKERY INC , 01/01/2002 , 01/01/2004
0   TULIP SOFT CORPORATION , 01/01/2002 , 01/01/2004
0   JUNMO YU AND ASSOCIATES PC , 01/01/2002 , 01/01/2004
0   PECONIC PATHOLOGY ASSOCIATES P C , 01/01/2002 , 01/01/2004
0   UNITED STAFFING REGISTRY INC , 01/01/2002 , 01/01/2004
43   VONAGE HOLDINGS CORP , 01/01/2002 , 01/01/2004
0   ANTONIOS STAIRS INC , 01/01/2002 , 01/01/2004
0   EYORK CONSULTING INC , 01/01/2002 , 01/01/2004
74   SPIRENT COMMUNICATIONS INC , 01/01/2002 , 01/01/2004
0   REDCELL CORP , 01/01/2002 , 01/01/2004
0   REDCELL CORPORATION , 01/01/2002 , 01/01/2004
0   ENCOM J INC , 01/01/2002 , 01/01/2004
6   LONG ISLAND DISC CORPORATION , 01/01/2002 , 01/01/2004
0   SUNG HO SHIN ARCHITECT PC , 01/01/2002 , 01/01/2004
0   SRX TRANSCONTINENTAL INC , 01/01/2002 , 01/01/2004
2   NEW PRO GROUP CORP , 01/01/2002 , 01/01/2004
3   KAIZEN TECHNOLOGIES INC , 01/01/2002 , 01/01/2004
25   VIRTUAL MATRIX CORP , 01/01/2002 , 01/01/2004
182   VIRTUAL MATRIX CORPORATION , 01/01/2002 , 01/01/2004
0   METAMOR ENTERPRISE SOLUTIONS LLC , 01/01/2002 , 01/01/2004
0   DONGSHENG WONDERFUL USA CO LTD , 01/01/2002 , 01/01/2004
0   SELECT IMPORTS INC DBA WESTSIDE ST , 01/01/2002 , 01/01/2004
1   GALLOP TECHNOLOGIES INC , 01/01/2002 , 01/01/2004
0   EVERTICALS GROUP INC , 01/01/2002 , 01/01/2004
158   HUGHES NETWORK SYSTEMS LLC , 01/01/2002 , 01/01/2004
0   WASATCH PEAK ACADEMY INC , 01/01/2002 , 01/01/2004
0   NUGA INC , 01/01/2002 , 01/01/2004
3   APEX TECHNOLOGY GROUP INC , 01/01/2002 , 01/01/2004
0   AMORTGAGEPRO MARKETPLACE LLC , 01/01/2002 , 01/01/2004
46746   IBM CORPORATION , 01/01/2002 , 01/01/2004
2402   INTERNATIONAL PAPER , 01/01/2002 , 01/01/2004
0   THE MCGRAW-HILL COS INC STANDARD & , 01/01/2002 , 01/01/2004
0   THORNTON TOMASETTI INC , 01/01/2002 , 01/01/2004
0   IMG MODEL MANAGEMENT , 01/01/2002 , 01/01/2004
0   SCIVANTAGE INC , 01/01/2002 , 01/01/2004
0   WPP GROUP INC/ YOUNG & RUBICAM , 01/01/2002 , 01/01/2004
157   THE ECHO DESIGN GROUP , 01/01/2002 , 01/01/2004
0   SWISS RE LIFE & HEALTH AMERICA INC , 01/01/2002 , 01/01/2004
0   VISITING NURSE SVC OF NY HOME CARE , 01/01/2002 , 01/01/2004
0   WILDLIFE CONSERVATION SOCIETY , 01/01/2002 , 01/01/2004
0   SAINT-GOBAIN CERAMICS & PLASTICS , 01/01/2002 , 01/01/2004
84   PHELPS DODGE CORPORATION , 01/01/2002 , 01/01/2004
3615   COLGATE-PALMOLIVE COMPANY , 01/01/2002 , 01/01/2004
749   NOVARTIS INSTITUTES FOR BIOMEDICAL , 01/01/2002 , 01/01/2004
41   FOSTER WHEELER USA CORPORATION , 01/01/2002 , 01/01/2004
304   BNP PARIBAS , 01/01/2002 , 01/01/2004
0   NIPPON EXPRESS USA INC , 01/01/2002 , 01/01/2004
0   THE LIRO GROUP , 01/01/2002 , 01/01/2004
129   LEHMAN BROTHERS INC , 01/01/2002 , 01/01/2004
0   POTEN & PARTNERS INC , 01/01/2002 , 01/01/2004
2673   WYETH , 01/01/2002 , 01/01/2004
0   NISHIZAEA U S A LIMITED , 01/01/2002 , 01/01/2004
0   WILHELMINA MODELS INC , 01/01/2002 , 01/01/2004
0   JPMORGAN CHASE & CO , 01/01/2002 , 01/01/2004
27   CHIMES INC , 01/01/2002 , 01/01/2004
0   JOHN F KILROY CO INC , 01/01/2002 , 01/01/2004
0   DAIEI TRADING CO INC , 01/01/2002 , 01/01/2004
0   WORLD ZIONIST ORGANIZATION - , 01/01/2002 , 01/01/2004
189   BANK OF IRELAND , 01/01/2002 , 01/01/2004
0   MEDITERRANEAN SHIPPING CO USA INC , 01/01/2002 , 01/01/2004
229   HSBC BANK USA , 01/01/2002 , 01/01/2004
0   CIBC WORLD MARKETS CORP , 01/01/2002 , 01/01/2004
2   THE ST REGIS NEW YORK , 01/01/2002 , 01/01/2004
18   BRIDGEWATER ASSOCIATES INC , 01/01/2002 , 01/01/2004
4895   UNILEVER UNITED STATES INC , 01/01/2002 , 01/01/2004
1   GRAHAM WINDHAM , 01/01/2002 , 01/01/2004
659   DEUTSCHE BANK AG , 01/01/2002 , 01/01/2004
659   DEUTSCHE BANK AG , 01/01/2002 , 01/01/2004
0   THE ROMANN GROUP , 01/01/2002 , 01/01/2004
23   SGS N AMERICA INC , 01/01/2002 , 01/01/2004
0   PERKINS EASTMAN PC , 01/01/2002 , 01/01/2004
0   OFFI INTERNATIONAL BUYERS CORP , 01/01/2002 , 01/01/2004
189   REIS INC , 01/01/2002 , 01/01/2004
0   THE KOREA CENTRAL DAILY NEWS INC , 01/01/2002 , 01/01/2004
0   STATE STREET RESEARCH & MGMT CO , 01/01/2002 , 01/01/2004
0   STATE STREET RESEARCH & MGT CO , 01/01/2002 , 01/01/2004
8   ADS ALLIANCE DATA SYSTEMS INC , 01/01/2002 , 01/01/2004
2   INTERNATIONAL CREATIVE MANAGEMENT , 01/01/2002 , 01/01/2004
11   PRINCETON INFORMATION LTD , 01/01/2002 , 01/01/2004
14   FINANCIAL SECURITY ASSURANCE INC , 01/01/2002 , 01/01/2004
0   APA INTL PLACEMENT CONSULTANTS LLC , 01/01/2002 , 01/01/2004
0   MAYA EXPORT&IMPORT CO INC DBA , 01/01/2002 , 01/01/2004
0   ALLEN & OVERY LLP , 01/01/2002 , 01/01/2004
5   CTS INTERNATIONAL , 01/01/2002 , 01/01/2004
0   CTS TECH SVCS INC DBA CTS INTL , 01/01/2002 , 01/01/2004
132   REUTERS AMERICA LLC , 01/01/2002 , 01/01/2004
23   LLOYDS TSB BANK PLC , 01/01/2002 , 01/01/2004
0   HSI PRODUCTIONS INC , 01/01/2002 , 01/01/2004
0   G2 WORLDWIDE INC A SUBSIDIARY OF , 01/01/2002 , 01/01/2004
0   JACKIE VITAL CORP , 01/01/2002 , 01/01/2004
266   BLOOMBERG , 01/01/2002 , 01/01/2004
0   H I S INTERNATIONAL TOURS NY INC , 01/01/2002 , 01/01/2004
0   KIL S JUNG CPA , 01/01/2002 , 01/01/2004
6   AMERICAN HOME MORTGAGE , 01/01/2002 , 01/01/2004
0   SHIPCO TRANSPORT INC , 01/01/2002 , 01/01/2004
385   NEW YORK FRAGRANCE , 01/01/2002 , 01/01/2004
3   R M CREATIONS INC , 01/01/2002 , 01/01/2004
0   COMMUNITY HEALTH ACTION OF STATEN , 01/01/2002 , 01/01/2004
0   STEVE MADDEN LTD , 01/01/2002 , 01/01/2004
0   JTB INTERNATIONAL INC , 01/01/2002 , 01/01/2004
1   AMNET NEW YORK INC , 01/01/2002 , 01/01/2004
2   WORLDWIDE TRADE RESOURCES INC , 01/01/2002 , 01/01/2004
0   POMPEI AD LLC , 01/01/2002 , 01/01/2004
0   WESTFOURTH ARCHITECTURE P C , 01/01/2002 , 01/01/2004
0   SYSTEMS TASK GROUP INTL LTD , 01/01/2002 , 01/01/2004
0   AUERBACH GRAYSON & CO INC , 01/01/2002 , 01/01/2004
0   BEAUTY PLUS TRADING CO INC , 01/01/2002 , 01/01/2004
0   DATAMATICS AMERICA INC , 01/01/2002 , 01/01/2004
2   CANTOR FITZGERALD L P , 01/01/2002 , 01/01/2004
601   IN PLUS INC , 01/01/2002 , 01/01/2004
11   T&R CONSTRUCTION CORP , 01/01/2002 , 01/01/2004
5613   SONY CORPORATION OF AMERICA , 01/01/2002 , 01/01/2004
0   D E SHAW & CO L P , 01/01/2002 , 01/01/2004
59   HOLLIS-EDEN PHARMACEUTICALS , 01/01/2002 , 01/01/2004
0   GOOD MORNING SHINHAN SECURITIES , 01/01/2002 , 01/01/2004
0   DIASPARK INC , 01/01/2002 , 01/01/2004
3   BARCLAYS SERVICES CORP , 01/01/2002 , 01/01/2004
0   SIEMENS CORP/SIEMENS BUSINESS SVCS , 01/01/2002 , 01/01/2004
1   STANDARD NEW YORK SECURITIES INC , 01/01/2002 , 01/01/2004
0   SEENA INTERNATIONAL INC , 01/01/2002 , 01/01/2004
3   ROBERT COUTURIER INC , 01/01/2002 , 01/01/2004
0   1040 SHERMAN AVENUE SUPERMARKET , 01/01/2002 , 01/01/2004
0   AL ROKER PRODUCTIONS INC , 01/01/2002 , 01/01/2004
0   EXCEL TRANSPORTATION SERVICE INC , 01/01/2002 , 01/01/2004
857   SIEMENS VDO AUTOMOTIVE CORPORATION , 01/01/2002 , 01/01/2004
0   ROSE AGENCIES INC , 01/01/2002 , 01/01/2004
0   MCKINSEY & CO INC UNITED STATES , 01/01/2002 , 01/01/2004
0   MCKINSEY & COMPANY INC US , 01/01/2002 , 01/01/2004
0   MUREX NORTH AMERICA INC , 01/01/2002 , 01/01/2004
4   JONATHAN APPAREL INC , 01/01/2002 , 01/01/2004
10   BLACKROCK FINANCIAL MANAGEMENT INC , 01/01/2002 , 01/01/2004
0   BLACKROCK FINANCIAL MGR INC , 01/01/2002 , 01/01/2004
1   STEINER SPORTS MARKETING , 01/01/2002 , 01/01/2004
0   GEM DIAM INC , 01/01/2002 , 01/01/2004
126   WIRELESS FACILITIES INC , 01/01/2002 , 01/01/2004
105   R GA MEDIA GROUP INC , 01/01/2002 , 01/01/2004
0   RGA MEDIA GROUP INC , 01/01/2002 , 01/01/2004
0   KEMPEN & CO USA INC , 01/01/2002 , 01/01/2004
39   I O R TECHNOLOGIES INC , 01/01/2002 , 01/01/2004
172   NEW YORK MODEL MANAGEMENT INC , 01/01/2002 , 01/01/2004
0   GRAMERCY MODELS , 01/01/2002 , 01/01/2004
0   FASHION STATE CORP , 01/01/2002 , 01/01/2004
5   UBS SECURITIES LLC , 01/01/2002 , 01/01/2004
0   TCG SOFTWARE SVCS INC , 01/01/2002 , 01/01/2004
0   DELOITTE & TOUCHE LLP , 01/01/2002 , 01/01/2004
2   DRESDNER KLEINWORT WASSERSTEIN , 01/01/2002 , 01/01/2004
0   BROADWAY CAPRICE CORPORATION , 01/01/2002 , 01/01/2004
449   PERSONAL COMMUNICATION CENTER , 01/01/2002 , 01/01/2004
0   MEOW INC DBA REBECCA TAYLOR , 01/01/2002 , 01/01/2004
0   COGNIZANT TECH SOLUTIONS U S CORP , 01/01/2002 , 01/01/2004
0   COGNIZANT TECH SOLUTIONS US CORP , 01/01/2002 , 01/01/2004
0   GALLEON MANAGEMENT LP , 01/01/2002 , 01/01/2004
7   PCS NITROGEN INC , 01/01/2002 , 01/01/2004
320   JEAN MARTIN INC , 01/01/2002 , 01/01/2004
0   NADRI INC , 01/01/2002 , 01/01/2004
0   DINEXGROUP LLC , 01/01/2002 , 01/01/2004
84   LIPPERT COMPONENTS INC , 01/01/2002 , 01/01/2004
0   OPENWAVE COMPUTING LLC , 01/01/2002 , 01/01/2004
0   OKUMUS CAPITAL LLC , 01/01/2002 , 01/01/2004
0   FITCH RATINGS , 01/01/2002 , 01/01/2004
0   GLOBALDATA MANAGEMENT GORP , 01/01/2002 , 01/01/2004
0   MST GEN CONTRACTING RESTORATION , 01/01/2002 , 01/01/2004
0   AS DESIGNS & CONTRACTING INC/N Y , 01/01/2002 , 01/01/2004
0   INFOWAVE SYSTEMS INC , 01/01/2002 , 01/01/2004
33   PRICEWATERHOUSECOOPERS LLP , 01/01/2002 , 01/01/2004
1   FANTASIA WORLD INC , 01/01/2002 , 01/01/2004
0   METROSTAR DISTRIBUTION INC , 01/01/2002 , 01/01/2004
0   THE PEPSI BOTTLING GROUP INC , 01/01/2002 , 01/01/2004
0   MORGAN STANLEY CAPITAL INTL INC , 01/01/2002 , 01/01/2004
0   TRUMP MODEL MANAGEMENT , 01/01/2002 , 01/01/2004
0   ETHERCOM NORTH AMERICA INC , 01/01/2002 , 01/01/2004
91   DYNAMIC CAPITAL MANAGEMENT LLC , 01/01/2002 , 01/01/2004
0   BART HALPERN INC , 01/01/2002 , 01/01/2004
3   QUIXOTIC SYSTEMS INC , 01/01/2002 , 01/01/2004
0   THERADYNAMIC PHYSICAL THERAPY , 01/01/2002 , 01/01/2004
0   TRANSLATIONS  COM , 01/01/2002 , 01/01/2004
0   SRIVEN SYSTEMS INC , 01/01/2002 , 01/01/2004
0   SEAMLESSWEB PROFESSIONAL SOLUTIONS , 01/01/2002 , 01/01/2004
0   JUTTA NEUMANN NEW YORK INC , 01/01/2002 , 01/01/2004
0   NAMU DESIGN INC , 01/01/2002 , 01/01/2004
3   DBS WIRELESS INC , 01/01/2002 , 01/01/2004
0   CINEMAYA INC , 01/01/2002 , 01/01/2004
20   DATASYNAPSE INC , 01/01/2002 , 01/01/2004
0   YAGEO AMERICA CORPORATION , 01/01/2002 , 01/01/2004
5   SID COMPUTER GROUP INC , 01/01/2002 , 01/01/2004
99   TRINITY TECHNOLOGIES INC , 01/01/2002 , 01/01/2004
0   BURO HAPPOLD INC , 01/01/2002 , 01/01/2004
12   